-- phpMyAdmin SQL Dump
-- version 4.0.9
-- http://www.phpmyadmin.net
--
-- Хост: 127.0.0.1
-- Време на генериране: 
-- Версия на сървъра: 5.5.34
-- Версия на PHP: 5.4.22

SET SQL_MODE = "NO_AUTO_VALUE_ON_ZERO";
SET time_zone = "+00:00";


/*!40101 SET @OLD_CHARACTER_SET_CLIENT=@@CHARACTER_SET_CLIENT */;
/*!40101 SET @OLD_CHARACTER_SET_RESULTS=@@CHARACTER_SET_RESULTS */;
/*!40101 SET @OLD_COLLATION_CONNECTION=@@COLLATION_CONNECTION */;
/*!40101 SET NAMES utf8 */;

--
-- БД: `calendar`
--

-- --------------------------------------------------------

--
-- Структура на таблица `phpc_calendars`
--

CREATE TABLE IF NOT EXISTS `phpc_calendars` (
  `cid` int(11) unsigned NOT NULL AUTO_INCREMENT,
  `hours_24` tinyint(1) NOT NULL DEFAULT '0',
  `date_format` tinyint(1) NOT NULL DEFAULT '0',
  `week_start` tinyint(1) NOT NULL DEFAULT '0',
  `subject_max` smallint(5) unsigned NOT NULL DEFAULT '50',
  `events_max` tinyint(4) unsigned NOT NULL DEFAULT '8',
  `title` varchar(255) COLLATE utf8_unicode_ci NOT NULL DEFAULT 'PHP-Calendar',
  `anon_permission` tinyint(1) NOT NULL DEFAULT '1',
  `timezone` varchar(255) COLLATE utf8_unicode_ci DEFAULT NULL,
  `language` varchar(255) COLLATE utf8_unicode_ci DEFAULT NULL,
  `theme` varchar(255) COLLATE utf8_unicode_ci DEFAULT NULL,
  PRIMARY KEY (`cid`)
) ENGINE=MyISAM  DEFAULT CHARSET=utf8 COLLATE=utf8_unicode_ci AUTO_INCREMENT=2 ;

--
-- Схема на данните от таблица `phpc_calendars`
--

INSERT INTO `phpc_calendars` (`cid`, `hours_24`, `date_format`, `week_start`, `subject_max`, `events_max`, `title`, `anon_permission`, `timezone`, `language`, `theme`) VALUES
(1, 1, 2, 1, 50, 8, 'PHP-Calendar', 3, 'Europe/Sofia', 'bg', '');

-- --------------------------------------------------------

--
-- Структура на таблица `phpc_categories`
--

CREATE TABLE IF NOT EXISTS `phpc_categories` (
  `catid` int(11) unsigned NOT NULL AUTO_INCREMENT,
  `cid` int(11) unsigned NOT NULL,
  `gid` int(11) unsigned DEFAULT NULL,
  `name` varchar(255) COLLATE utf8_unicode_ci NOT NULL,
  `text_color` varchar(255) COLLATE utf8_unicode_ci DEFAULT NULL,
  `bg_color` varchar(255) COLLATE utf8_unicode_ci DEFAULT NULL,
  PRIMARY KEY (`catid`),
  KEY `cid` (`cid`)
) ENGINE=MyISAM DEFAULT CHARSET=utf8 COLLATE=utf8_unicode_ci AUTO_INCREMENT=1 ;

-- --------------------------------------------------------

--
-- Структура на таблица `phpc_events`
--

CREATE TABLE IF NOT EXISTS `phpc_events` (
  `eid` int(11) unsigned NOT NULL AUTO_INCREMENT,
  `cid` int(11) unsigned NOT NULL,
  `owner` int(11) unsigned NOT NULL DEFAULT '1',
  `subject` varchar(255) COLLATE utf8_unicode_ci NOT NULL,
  `description` text COLLATE utf8_unicode_ci NOT NULL,
  `readonly` tinyint(1) NOT NULL DEFAULT '0',
  `catid` int(11) unsigned DEFAULT NULL,
  `ctime` timestamp NOT NULL DEFAULT CURRENT_TIMESTAMP,
  `mtime` timestamp NULL DEFAULT NULL,
  PRIMARY KEY (`eid`)
) ENGINE=MyISAM  DEFAULT CHARSET=utf8 COLLATE=utf8_unicode_ci AUTO_INCREMENT=79 ;

--
-- Схема на данните от таблица `phpc_events`
--

INSERT INTO `phpc_events` (`eid`, `cid`, `owner`, `subject`, `description`, `readonly`, `catid`, `ctime`, `mtime`) VALUES
(1, 1, 1, 'EVENT 3 EVENT 3 EVENT 3EVENT 3', ' EVENT DESCRIPTION 3 EVENT DESCRIPTION 3 EVENT DESCRIPTION 3 EVENT DESCRIPTION 3 EVENT DESCRIPTION 3 EVENT DESCRIPTION 3 EVENT DESCRIPTION 3 EVENT DESCRIPTION 3 EVENT DESCRIPTION 3 EVENT DESCRIPTION 3 EVENT DESCRIPTION 3 EVENT DESCRIPTION 3 EVENT DESCRIPTION 3 EVENT DESCRIPTION 3 EVENT DESCRIPTION 3 EVENT DESCRIPTION 3 EVENT DESCRIPTION 3 EVENT DESCRIPTION 3 EVENT DESCRIPTION 3 EVENT DESCRIPTION 3 EVENT DESCRIPTION 3 EVENT DESCRIPTION 3 EVENT DESCRIPTION 3 EVENT DESCRIPTION 3', 0, NULL, '2014-08-09 09:23:16', NULL),
(78, 1, 1, 'kmp', 'kokómm', 0, NULL, '2014-08-14 18:35:50', NULL),
(4, 1, 1, 'EVENT 6', ' EVENT DESCRIPTION 6 EVENT DESCRIPTION 6 EVENT DESCRIPTION 6 EVENT DESCRIPTION 6 EVENT DESCRIPTION 6 EVENT DESCRIPTION 6 EVENT DESCRIPTION 6 EVENT DESCRIPTION 6 EVENT DESCRIPTION 6 EVENT DESCRIPTION 6 EVENT DESCRIPTION 6 EVENT DESCRIPTION 6 EVENT DESCRIPTION 6 EVENT DESCRIPTION 6 EVENT DESCRIPTION 6 EVENT DESCRIPTION 6 EVENT DESCRIPTION 6 EVENT DESCRIPTION 6 EVENT DESCRIPTION 6 EVENT DESCRIPTION 6 EVENT DESCRIPTION 6 EVENT DESCRIPTION 6 EVENT DESCRIPTION 6 EVENT DESCRIPTION 6', 0, NULL, '2014-08-09 09:23:16', NULL),
(5, 1, 1, 'EVENT 7', ' EVENT DESCRIPTION 7 EVENT DESCRIPTION 7 EVENT DESCRIPTION 7 EVENT DESCRIPTION 7 EVENT DESCRIPTION 7 EVENT DESCRIPTION 7 EVENT DESCRIPTION 7 EVENT DESCRIPTION 7 EVENT DESCRIPTION 7 EVENT DESCRIPTION 7 EVENT DESCRIPTION 7 EVENT DESCRIPTION 7 EVENT DESCRIPTION 7 EVENT DESCRIPTION 7 EVENT DESCRIPTION 7 EVENT DESCRIPTION 7 EVENT DESCRIPTION 7 EVENT DESCRIPTION 7 EVENT DESCRIPTION 7 EVENT DESCRIPTION 7 EVENT DESCRIPTION 7 EVENT DESCRIPTION 7 EVENT DESCRIPTION 7 EVENT DESCRIPTION 7', 0, NULL, '2014-08-09 09:23:16', NULL),
(6, 1, 1, 'EVENT 8', ' EVENT DESCRIPTION 8 EVENT DESCRIPTION 8 EVENT DESCRIPTION 8 EVENT DESCRIPTION 8 EVENT DESCRIPTION 8 EVENT DESCRIPTION 8 EVENT DESCRIPTION 8 EVENT DESCRIPTION 8 EVENT DESCRIPTION 8 EVENT DESCRIPTION 8 EVENT DESCRIPTION 8 EVENT DESCRIPTION 8 EVENT DESCRIPTION 8 EVENT DESCRIPTION 8 EVENT DESCRIPTION 8 EVENT DESCRIPTION 8 EVENT DESCRIPTION 8 EVENT DESCRIPTION 8 EVENT DESCRIPTION 8 EVENT DESCRIPTION 8 EVENT DESCRIPTION 8 EVENT DESCRIPTION 8 EVENT DESCRIPTION 8 EVENT DESCRIPTION 8', 0, NULL, '2014-08-09 09:23:16', NULL),
(7, 1, 1, 'EVENT 9', ' EVENT DESCRIPTION 9 EVENT DESCRIPTION 9 EVENT DESCRIPTION 9 EVENT DESCRIPTION 9 EVENT DESCRIPTION 9 EVENT DESCRIPTION 9 EVENT DESCRIPTION 9 EVENT DESCRIPTION 9 EVENT DESCRIPTION 9 EVENT DESCRIPTION 9 EVENT DESCRIPTION 9 EVENT DESCRIPTION 9 EVENT DESCRIPTION 9 EVENT DESCRIPTION 9 EVENT DESCRIPTION 9 EVENT DESCRIPTION 9 EVENT DESCRIPTION 9 EVENT DESCRIPTION 9 EVENT DESCRIPTION 9 EVENT DESCRIPTION 9 EVENT DESCRIPTION 9 EVENT DESCRIPTION 9 EVENT DESCRIPTION 9 EVENT DESCRIPTION 9', 0, NULL, '2014-08-09 09:23:16', NULL),
(8, 1, 1, 'EVENT 10', ' EVENT DESCRIPTION 10 EVENT DESCRIPTION 10 EVENT DESCRIPTION 10 EVENT DESCRIPTION 10 EVENT DESCRIPTION 10 EVENT DESCRIPTION 10 EVENT DESCRIPTION 10 EVENT DESCRIPTION 10 EVENT DESCRIPTION 10 EVENT DESCRIPTION 10 EVENT DESCRIPTION 10 EVENT DESCRIPTION 10 EVENT DESCRIPTION 10 EVENT DESCRIPTION 10 EVENT DESCRIPTION 10 EVENT DESCRIPTION 10 EVENT DESCRIPTION 10 EVENT DESCRIPTION 10 EVENT DESCRIPTION 10 EVENT DESCRIPTION 10 EVENT DESCRIPTION 10 EVENT DESCRIPTION 10 EVENT DESCRIPTION 10 EVENT DESCRIPTION 10', 0, NULL, '2014-08-09 09:23:16', NULL),
(9, 1, 1, 'EVENT 11', ' EVENT DESCRIPTION 11 EVENT DESCRIPTION 11 EVENT DESCRIPTION 11 EVENT DESCRIPTION 11 EVENT DESCRIPTION 11 EVENT DESCRIPTION 11 EVENT DESCRIPTION 11 EVENT DESCRIPTION 11 EVENT DESCRIPTION 11 EVENT DESCRIPTION 11 EVENT DESCRIPTION 11 EVENT DESCRIPTION 11 EVENT DESCRIPTION 11 EVENT DESCRIPTION 11 EVENT DESCRIPTION 11 EVENT DESCRIPTION 11 EVENT DESCRIPTION 11 EVENT DESCRIPTION 11 EVENT DESCRIPTION 11 EVENT DESCRIPTION 11 EVENT DESCRIPTION 11 EVENT DESCRIPTION 11 EVENT DESCRIPTION 11 EVENT DESCRIPTION 11', 0, NULL, '2014-08-09 09:23:16', NULL),
(10, 1, 1, 'EVENT 12', ' EVENT DESCRIPTION 12 EVENT DESCRIPTION 12 EVENT DESCRIPTION 12 EVENT DESCRIPTION 12 EVENT DESCRIPTION 12 EVENT DESCRIPTION 12 EVENT DESCRIPTION 12 EVENT DESCRIPTION 12 EVENT DESCRIPTION 12 EVENT DESCRIPTION 12 EVENT DESCRIPTION 12 EVENT DESCRIPTION 12 EVENT DESCRIPTION 12 EVENT DESCRIPTION 12 EVENT DESCRIPTION 12 EVENT DESCRIPTION 12 EVENT DESCRIPTION 12 EVENT DESCRIPTION 12 EVENT DESCRIPTION 12 EVENT DESCRIPTION 12 EVENT DESCRIPTION 12 EVENT DESCRIPTION 12 EVENT DESCRIPTION 12 EVENT DESCRIPTION 12', 0, NULL, '2014-08-09 09:23:16', NULL),
(11, 1, 1, 'EVENT 13', ' EVENT DESCRIPTION 13 EVENT DESCRIPTION 13 EVENT DESCRIPTION 13 EVENT DESCRIPTION 13 EVENT DESCRIPTION 13 EVENT DESCRIPTION 13 EVENT DESCRIPTION 13 EVENT DESCRIPTION 13 EVENT DESCRIPTION 13 EVENT DESCRIPTION 13 EVENT DESCRIPTION 13 EVENT DESCRIPTION 13 EVENT DESCRIPTION 13 EVENT DESCRIPTION 13 EVENT DESCRIPTION 13 EVENT DESCRIPTION 13 EVENT DESCRIPTION 13 EVENT DESCRIPTION 13 EVENT DESCRIPTION 13 EVENT DESCRIPTION 13 EVENT DESCRIPTION 13 EVENT DESCRIPTION 13 EVENT DESCRIPTION 13 EVENT DESCRIPTION 13', 0, NULL, '2014-08-09 09:23:16', NULL),
(12, 1, 1, 'EVENT 14', ' EVENT DESCRIPTION 14 EVENT DESCRIPTION 14 EVENT DESCRIPTION 14 EVENT DESCRIPTION 14 EVENT DESCRIPTION 14 EVENT DESCRIPTION 14 EVENT DESCRIPTION 14 EVENT DESCRIPTION 14 EVENT DESCRIPTION 14 EVENT DESCRIPTION 14 EVENT DESCRIPTION 14 EVENT DESCRIPTION 14 EVENT DESCRIPTION 14 EVENT DESCRIPTION 14 EVENT DESCRIPTION 14 EVENT DESCRIPTION 14 EVENT DESCRIPTION 14 EVENT DESCRIPTION 14 EVENT DESCRIPTION 14 EVENT DESCRIPTION 14 EVENT DESCRIPTION 14 EVENT DESCRIPTION 14 EVENT DESCRIPTION 14 EVENT DESCRIPTION 14', 0, NULL, '2014-08-09 09:23:16', NULL),
(13, 1, 1, 'EVENT 15', ' EVENT DESCRIPTION 15 EVENT DESCRIPTION 15 EVENT DESCRIPTION 15 EVENT DESCRIPTION 15 EVENT DESCRIPTION 15 EVENT DESCRIPTION 15 EVENT DESCRIPTION 15 EVENT DESCRIPTION 15 EVENT DESCRIPTION 15 EVENT DESCRIPTION 15 EVENT DESCRIPTION 15 EVENT DESCRIPTION 15 EVENT DESCRIPTION 15 EVENT DESCRIPTION 15 EVENT DESCRIPTION 15 EVENT DESCRIPTION 15 EVENT DESCRIPTION 15 EVENT DESCRIPTION 15 EVENT DESCRIPTION 15 EVENT DESCRIPTION 15 EVENT DESCRIPTION 15 EVENT DESCRIPTION 15 EVENT DESCRIPTION 15 EVENT DESCRIPTION 15', 0, NULL, '2014-08-09 09:23:16', NULL),
(14, 1, 1, 'EVENT 16', ' EVENT DESCRIPTION 16 EVENT DESCRIPTION 16 EVENT DESCRIPTION 16 EVENT DESCRIPTION 16 EVENT DESCRIPTION 16 EVENT DESCRIPTION 16 EVENT DESCRIPTION 16 EVENT DESCRIPTION 16 EVENT DESCRIPTION 16 EVENT DESCRIPTION 16 EVENT DESCRIPTION 16 EVENT DESCRIPTION 16 EVENT DESCRIPTION 16 EVENT DESCRIPTION 16 EVENT DESCRIPTION 16 EVENT DESCRIPTION 16 EVENT DESCRIPTION 16 EVENT DESCRIPTION 16 EVENT DESCRIPTION 16 EVENT DESCRIPTION 16 EVENT DESCRIPTION 16 EVENT DESCRIPTION 16 EVENT DESCRIPTION 16 EVENT DESCRIPTION 16', 0, NULL, '2014-08-09 09:23:16', NULL),
(15, 1, 1, 'EVENT 17', ' EVENT DESCRIPTION 17 EVENT DESCRIPTION 17 EVENT DESCRIPTION 17 EVENT DESCRIPTION 17 EVENT DESCRIPTION 17 EVENT DESCRIPTION 17 EVENT DESCRIPTION 17 EVENT DESCRIPTION 17 EVENT DESCRIPTION 17 EVENT DESCRIPTION 17 EVENT DESCRIPTION 17 EVENT DESCRIPTION 17 EVENT DESCRIPTION 17 EVENT DESCRIPTION 17 EVENT DESCRIPTION 17 EVENT DESCRIPTION 17 EVENT DESCRIPTION 17 EVENT DESCRIPTION 17 EVENT DESCRIPTION 17 EVENT DESCRIPTION 17 EVENT DESCRIPTION 17 EVENT DESCRIPTION 17 EVENT DESCRIPTION 17 EVENT DESCRIPTION 17', 0, NULL, '2014-08-09 09:23:16', NULL),
(16, 1, 1, 'EVENT 18', ' EVENT DESCRIPTION 18 EVENT DESCRIPTION 18 EVENT DESCRIPTION 18 EVENT DESCRIPTION 18 EVENT DESCRIPTION 18 EVENT DESCRIPTION 18 EVENT DESCRIPTION 18 EVENT DESCRIPTION 18 EVENT DESCRIPTION 18 EVENT DESCRIPTION 18 EVENT DESCRIPTION 18 EVENT DESCRIPTION 18 EVENT DESCRIPTION 18 EVENT DESCRIPTION 18 EVENT DESCRIPTION 18 EVENT DESCRIPTION 18 EVENT DESCRIPTION 18 EVENT DESCRIPTION 18 EVENT DESCRIPTION 18 EVENT DESCRIPTION 18 EVENT DESCRIPTION 18 EVENT DESCRIPTION 18 EVENT DESCRIPTION 18 EVENT DESCRIPTION 18', 0, NULL, '2014-08-09 09:23:16', NULL),
(17, 1, 1, 'EVENT 19', ' EVENT DESCRIPTION 19 EVENT DESCRIPTION 19 EVENT DESCRIPTION 19 EVENT DESCRIPTION 19 EVENT DESCRIPTION 19 EVENT DESCRIPTION 19 EVENT DESCRIPTION 19 EVENT DESCRIPTION 19 EVENT DESCRIPTION 19 EVENT DESCRIPTION 19 EVENT DESCRIPTION 19 EVENT DESCRIPTION 19 EVENT DESCRIPTION 19 EVENT DESCRIPTION 19 EVENT DESCRIPTION 19 EVENT DESCRIPTION 19 EVENT DESCRIPTION 19 EVENT DESCRIPTION 19 EVENT DESCRIPTION 19 EVENT DESCRIPTION 19 EVENT DESCRIPTION 19 EVENT DESCRIPTION 19 EVENT DESCRIPTION 19 EVENT DESCRIPTION 19', 0, NULL, '2014-08-09 09:23:16', NULL),
(18, 1, 1, 'EVENT 20', ' EVENT DESCRIPTION 20 EVENT DESCRIPTION 20 EVENT DESCRIPTION 20 EVENT DESCRIPTION 20 EVENT DESCRIPTION 20 EVENT DESCRIPTION 20 EVENT DESCRIPTION 20 EVENT DESCRIPTION 20 EVENT DESCRIPTION 20 EVENT DESCRIPTION 20 EVENT DESCRIPTION 20 EVENT DESCRIPTION 20 EVENT DESCRIPTION 20 EVENT DESCRIPTION 20 EVENT DESCRIPTION 20 EVENT DESCRIPTION 20 EVENT DESCRIPTION 20 EVENT DESCRIPTION 20 EVENT DESCRIPTION 20 EVENT DESCRIPTION 20 EVENT DESCRIPTION 20 EVENT DESCRIPTION 20 EVENT DESCRIPTION 20 EVENT DESCRIPTION 20', 0, NULL, '2014-08-09 09:23:16', NULL),
(19, 1, 1, 'EVENT 21', ' EVENT DESCRIPTION 21 EVENT DESCRIPTION 21 EVENT DESCRIPTION 21 EVENT DESCRIPTION 21 EVENT DESCRIPTION 21 EVENT DESCRIPTION 21 EVENT DESCRIPTION 21 EVENT DESCRIPTION 21 EVENT DESCRIPTION 21 EVENT DESCRIPTION 21 EVENT DESCRIPTION 21 EVENT DESCRIPTION 21 EVENT DESCRIPTION 21 EVENT DESCRIPTION 21 EVENT DESCRIPTION 21 EVENT DESCRIPTION 21 EVENT DESCRIPTION 21 EVENT DESCRIPTION 21 EVENT DESCRIPTION 21 EVENT DESCRIPTION 21 EVENT DESCRIPTION 21 EVENT DESCRIPTION 21 EVENT DESCRIPTION 21 EVENT DESCRIPTION 21', 0, NULL, '2014-08-09 09:23:16', NULL),
(20, 1, 1, 'EVENT 22', ' EVENT DESCRIPTION 22 EVENT DESCRIPTION 22 EVENT DESCRIPTION 22 EVENT DESCRIPTION 22 EVENT DESCRIPTION 22 EVENT DESCRIPTION 22 EVENT DESCRIPTION 22 EVENT DESCRIPTION 22 EVENT DESCRIPTION 22 EVENT DESCRIPTION 22 EVENT DESCRIPTION 22 EVENT DESCRIPTION 22 EVENT DESCRIPTION 22 EVENT DESCRIPTION 22 EVENT DESCRIPTION 22 EVENT DESCRIPTION 22 EVENT DESCRIPTION 22 EVENT DESCRIPTION 22 EVENT DESCRIPTION 22 EVENT DESCRIPTION 22 EVENT DESCRIPTION 22 EVENT DESCRIPTION 22 EVENT DESCRIPTION 22 EVENT DESCRIPTION 22', 0, NULL, '2014-08-09 09:23:16', NULL);

-- --------------------------------------------------------

--
-- Структура на таблица `phpc_groups`
--

CREATE TABLE IF NOT EXISTS `phpc_groups` (
  `gid` int(11) NOT NULL AUTO_INCREMENT,
  `cid` int(11) DEFAULT NULL,
  `name` varchar(255) COLLATE utf8_unicode_ci DEFAULT NULL,
  PRIMARY KEY (`gid`)
) ENGINE=MyISAM DEFAULT CHARSET=utf8 COLLATE=utf8_unicode_ci AUTO_INCREMENT=1 ;

-- --------------------------------------------------------

--
-- Структура на таблица `phpc_logins`
--

CREATE TABLE IF NOT EXISTS `phpc_logins` (
  `uid` int(11) unsigned NOT NULL,
  `series` char(43) COLLATE utf8_unicode_ci NOT NULL,
  `token` char(43) COLLATE utf8_unicode_ci NOT NULL,
  `atime` timestamp NOT NULL DEFAULT CURRENT_TIMESTAMP,
  PRIMARY KEY (`uid`,`series`)
) ENGINE=MyISAM DEFAULT CHARSET=utf8 COLLATE=utf8_unicode_ci;

--
-- Схема на данните от таблица `phpc_logins`
--

INSERT INTO `phpc_logins` (`uid`, `series`, `token`, `atime`) VALUES
(1, 'o4t5cF1SE9hjoOFOj7npYOgJmKtiik06e6ee_p259-E', 'o4t5cF1SE9hjoOFOj7npYOgJmKtiik06e6ee_p259-E', '2014-08-08 20:24:20'),
(1, '1KWaR308a3p3c244FmXdIZGBq6yLaEfbjJeeBkhFqa4', '1KWaR308a3p3c244FmXdIZGBq6yLaEfbjJeeBkhFqa4', '2014-08-08 20:26:41'),
(1, '0vsuTDQVKvl3-kQ_yuYterGOX1HftmF3UkCy4iCt_oU', '0vsuTDQVKvl3-kQ_yuYterGOX1HftmF3UkCy4iCt_oU', '2014-08-08 21:27:00'),
(1, '4y3Ep_mQCCaYIJDng1M7kvnXgivWI0FhoqtK8KRRnX0', 'u830T6hcSD2g7g40nAScqimU4g6nJx4NY8dgH8k4CSU', '2014-08-09 08:11:51'),
(1, 'CG9r4axNPF1JxGf2-Z2597-C-MpW3jLyFcflf8JlkuM', 'CG9r4axNPF1JxGf2-Z2597-C-MpW3jLyFcflf8JlkuM', '2014-08-09 08:23:49'),
(1, 'f-g7EuJhjUBpdlOysJpe91llFCg0m2zYYjKNgMXFvGk', 'RXAaaqiU6r2UiBgngG4box8FDzFQxd1YOBThT24BFvc', '2014-08-12 20:17:13');

-- --------------------------------------------------------

--
-- Структура на таблица `phpc_occurrences`
--

CREATE TABLE IF NOT EXISTS `phpc_occurrences` (
  `oid` int(11) unsigned NOT NULL AUTO_INCREMENT,
  `eid` int(11) unsigned NOT NULL,
  `start_date` date DEFAULT NULL,
  `end_date` date DEFAULT NULL,
  `start_ts` timestamp NULL DEFAULT NULL,
  `end_ts` timestamp NULL DEFAULT NULL,
  `time_type` tinyint(4) NOT NULL DEFAULT '0',
  PRIMARY KEY (`oid`),
  UNIQUE KEY `eid_2` (`eid`),
  KEY `eid` (`eid`)
) ENGINE=MyISAM  DEFAULT CHARSET=utf8 COLLATE=utf8_unicode_ci AUTO_INCREMENT=79 ;

--
-- Схема на данните от таблица `phpc_occurrences`
--

INSERT INTO `phpc_occurrences` (`oid`, `eid`, `start_date`, `end_date`, `start_ts`, `end_ts`, `time_type`) VALUES
(1, 1, NULL, NULL, '2014-08-12 09:23:16', '2014-08-13 09:23:16', 0),
(4, 4, NULL, NULL, '2014-08-15 09:23:16', '2014-08-16 09:23:16', 0),
(5, 5, NULL, NULL, '2014-08-16 09:23:16', '2014-08-17 09:23:16', 0),
(6, 6, NULL, NULL, '2014-08-17 09:23:16', '2014-08-18 09:23:16', 0),
(7, 7, NULL, NULL, '2014-08-18 09:23:16', '2014-08-19 09:23:16', 0),
(8, 8, NULL, NULL, '2014-08-19 09:23:16', '2014-08-20 09:23:16', 0),
(9, 9, NULL, NULL, '2014-08-20 09:23:16', '2014-08-21 09:23:16', 0),
(10, 10, NULL, NULL, '2014-08-21 09:23:16', '2014-08-22 09:23:16', 0),
(11, 11, NULL, NULL, '2014-08-22 09:23:16', '2014-08-23 09:23:16', 0),
(12, 12, NULL, NULL, '2014-08-23 09:23:16', '2014-08-24 09:23:16', 0),
(13, 13, NULL, NULL, '2014-08-24 09:23:16', '2014-08-25 09:23:16', 0),
(14, 14, NULL, NULL, '2014-08-25 09:23:16', '2014-08-26 09:23:16', 0),
(15, 15, NULL, NULL, '2014-08-26 09:23:16', '2014-08-27 09:23:16', 0),
(16, 16, NULL, NULL, '2014-08-27 09:23:16', '2014-08-28 09:23:16', 0),
(17, 17, NULL, NULL, '2014-08-28 09:23:16', '2014-08-29 09:23:16', 0),
(18, 18, NULL, NULL, '2014-08-29 09:23:16', '2014-08-30 09:23:16', 0),
(19, 19, NULL, NULL, '2014-08-30 09:23:16', '2014-08-31 09:23:16', 0),
(20, 20, NULL, NULL, '2014-08-31 09:23:16', '2014-09-01 09:23:16', 0),
(78, 78, NULL, NULL, '2014-08-09 14:00:00', '2014-08-09 15:00:00', 0);

-- --------------------------------------------------------

--
-- Структура на таблица `phpc_permissions`
--

CREATE TABLE IF NOT EXISTS `phpc_permissions` (
  `cid` int(11) unsigned NOT NULL,
  `uid` int(11) unsigned NOT NULL,
  `read` tinyint(1) NOT NULL,
  `write` tinyint(1) NOT NULL,
  `readonly` tinyint(1) NOT NULL,
  `modify` tinyint(1) NOT NULL,
  `admin` tinyint(1) NOT NULL,
  UNIQUE KEY `cid` (`cid`,`uid`)
) ENGINE=MyISAM DEFAULT CHARSET=utf8 COLLATE=utf8_unicode_ci;

--
-- Схема на данните от таблица `phpc_permissions`
--

INSERT INTO `phpc_permissions` (`cid`, `uid`, `read`, `write`, `readonly`, `modify`, `admin`) VALUES
(1, 1, 1, 1, 1, 1, 1);

-- --------------------------------------------------------

--
-- Структура на таблица `phpc_users`
--

CREATE TABLE IF NOT EXISTS `phpc_users` (
  `uid` int(11) unsigned NOT NULL AUTO_INCREMENT,
  `username` varchar(32) COLLATE utf8_unicode_ci NOT NULL,
  `password` varchar(32) COLLATE utf8_unicode_ci NOT NULL DEFAULT '',
  `admin` tinyint(4) NOT NULL DEFAULT '0',
  `password_editable` tinyint(1) NOT NULL DEFAULT '1',
  `timezone` varchar(255) COLLATE utf8_unicode_ci DEFAULT NULL,
  `language` varchar(255) COLLATE utf8_unicode_ci DEFAULT NULL,
  `gid` int(11) DEFAULT NULL,
  PRIMARY KEY (`uid`),
  UNIQUE KEY `username` (`username`)
) ENGINE=MyISAM  DEFAULT CHARSET=utf8 COLLATE=utf8_unicode_ci AUTO_INCREMENT=2 ;

--
-- Схема на данните от таблица `phpc_users`
--

INSERT INTO `phpc_users` (`uid`, `username`, `password`, `admin`, `password_editable`, `timezone`, `language`, `gid`) VALUES
(1, 'Люси', 'd8578edf8458ce06fbc5bb76a58c5ca4', 1, 1, NULL, 'BG', NULL);

-- --------------------------------------------------------

--
-- Структура на таблица `phpc_user_groups`
--

CREATE TABLE IF NOT EXISTS `phpc_user_groups` (
  `gid` int(11) DEFAULT NULL,
  `uid` int(11) DEFAULT NULL
) ENGINE=MyISAM DEFAULT CHARSET=utf8 COLLATE=utf8_unicode_ci;

-- --------------------------------------------------------

--
-- Структура на таблица `phpc_version`
--

CREATE TABLE IF NOT EXISTS `phpc_version` (
  `version` smallint(5) unsigned NOT NULL DEFAULT '1'
) ENGINE=MyISAM DEFAULT CHARSET=utf8 COLLATE=utf8_unicode_ci;

--
-- Схема на данните от таблица `phpc_version`
--

INSERT INTO `phpc_version` (`version`) VALUES
(1);

/*!40101 SET CHARACTER_SET_CLIENT=@OLD_CHARACTER_SET_CLIENT */;
/*!40101 SET CHARACTER_SET_RESULTS=@OLD_CHARACTER_SET_RESULTS */;
/*!40101 SET COLLATION_CONNECTION=@OLD_COLLATION_CONNECTION */;
